<?xml version="1.0" encoding="UTF-8"?>
<beans xmlns="http://www.springframework.org/schema/beans"
	xmlns:xsi="http://www.w3.org/2001/XMLSchema-instance"
	xsi:schemaLocation="http://www.springframework.org/schema/beans http://www.springframework.org/schema/beans/spring-beans.xsd">

	
	<bean id="service" class="esun.abs.XIBOR.demo.service.Service">
		<property name="dataAccessor" ref="dataAccessor" />
	</bean>

	<bean id="dataAccessor"
		class="esun.abs.XIBOR.demo.Dao.DataAccessor">
		<property name="jdbcTemplate" ref="jdbcTemplate" />
	</bean>
	
	<bean id="jdbcTemplate" class="org.springframework.jdbc.core.JdbcTemplate">
		<property name="dataSource" ref="datasource"></property>
	</bean>
	
	<bean id="datasource"
		class="org.springframework.jdbc.datasource.DriverManagerDataSource">
		<property name="driverClassName"
			value="oracle.jdbc.driver.OracleDriver" />
		<property name="url"
			value="jdbc:oracle:thin:@localhost:1521/orcl2" />
		<property name="username" value="sys as sysdba" />
		<property name="password" value="1234" />
	</bean>
</beans>